Temperature,RH,Ws,Rain,FFMC,DMC,DC,ISI,BUI,FWI,Bejaia,Sidi_Bel_Abbes,Target
1.915318027725834,0.11465716590210838,-2.2980156246200667,0.41901550037408,-0.29592220210470205,-0.23195315096486127,-0.7042232676956565,-0.8816686063899254,-0.3625963144532709,-0.8384144180105347,0,1,0
-0.5723191390148501,0.9854212093511105,2.0068070330704164,0.7979124953931949,-1.3883060336038937,-1.010269262762361,-0.8667275057120468,-0.8816686063899254,-0.9932344423531284,-0.8920174458637845,1,0,0
0.2568932498987112,0.18163901539818547,-0.14560429577482528,-0.27562899049429723,0.24669983184260963,-0.18430114412011625,0.29680283848530864,-0.46749073375226546,-0.005234708643351727,-0.3961894382212248,1,0,1
-2.230743916841973,1.320330456831496,-0.14560429577482528,-0.08618049298473977,-2.359313883825398,-1.0896892741702693,-0.8905614606211175,-1.1009392448451572,-1.0633053454531125,-0.9322197167537217,1,0,0
-1.4015315279284115,0.9854212093511105,0.21313092569938163,-0.3387784896641497,-0.9385009265159914,-0.9229072502136622,-0.7410575616460383,-0.8573052021171219,-0.8881280877031521,-0.8652159319371596,1,0,0
-1.4015315279284115,-0.22025208157827705,0.9306013686477955,-0.27562899049429723,0.011087632891802703,-0.4860971874701673,-0.730223945778279,-0.5649443508434796,-0.5798161140632218,-0.6776053344507857,0,1,0
0.8097015091744189,-1.2249798240194334,0.5718661471735885,-0.2124794913244447,0.5465699032345439,-0.37490917149909586,-0.422549255133913,0.16595777734062653,-0.41164594662325993,-0.1281742989549764,0,1,1
0.8097015091744189,-0.22025208157827705,0.5718661471735885,-0.3387784896641497,0.7250639933487909,-0.20812714754248876,0.09529758334498441,0.7263160756151077,0.11388582662662129,0.5284627922473323,1,0,1
0.2568932498987112,0.3825845638864167,1.2893365901220024,-0.3387784896641497,0.5465699032345439,-0.16841714183853468,0.03029588813842824,0.31213820297744765,-0.08231270205333428,0.13984084031127203,1,0,1
1.0861056388122725,-0.5551613290586624,-0.5043395172490321,-0.3387784896641497,0.9321171378813179,4.072611467343761,2.7928679344170657,1.286674373889589,3.603416801005832,2.5653778506708202,0,1,1
-0.01951087973914255,-0.15327023208219998,0.9306013686477955,-0.14932999215459228,-0.06031000315389612,-0.26372115552802444,-0.03037236072102412,-0.6136711593890866,-0.17340487608331373,-0.5838000357075986,1,0,0
0.8097015091744189,-0.4881794795625854,-1.221809960197446,-0.08618049298473977,0.0039478692872332265,-0.7005312182715193,-0.8320599349352169,-0.7354881807531042,-0.7760146427431774,-0.8250136610472224,1,0,0
0.533297379536565,-1.4929072220037416,0.9306013686477955,-0.3387784896641497,1.0106545375315863,3.3101793578278422,2.3638567460537945,2.334300757620141,3.007814124655967,3.2354156988364413,0,1,1
-0.29591500937699633,0.11465716590210838,0.9306013686477955,-0.3387784896641497,0.6322470664893827,0.2525089186233786,0.5069749863198402,0.4826820328870724,0.3521268971665676,0.48826052135739495,1,0,1
-2.230743916841973,0.11465716590210838,-0.14560429577482528,-0.2124794913244447,-0.7600068364017444,-0.8593712410873355,-0.6912229286543452,-0.8573052021171219,-0.8250642749131664,-0.8652159319371596,0,1,0
-0.29591500937699633,-0.4881794795625854,0.21313092569938163,-0.27562899049429723,0.1396033777740614,-0.8037772331017999,-0.7020565445221045,-0.540580946570676,-0.7900288233631743,-0.7446091192673479,1,0,0
-1.1251273982905576,1.1863667578393418,2.0068070330704164,10.270337370871067,-1.8166918498780866,-0.47021318518858574,-0.8602273361913912,-1.0034856277539432,-0.5798161140632218,-0.8920174458637845,1,0,0
-0.8487232686527039,0.7844756608628792,-0.14560429577482528,0.35586600120422757,-1.316908397558195,-0.7878932308202183,-0.8710609520591507,-0.954758819208336,-0.8390784555331633,-0.8920174458637845,0,1,0
0.8097015091744189,0.04767531640603129,-0.14560429577482528,-0.3387784896641497,0.6465265936985226,0.3478129323128683,0.795149168402239,0.2877747987046442,0.548325425846523,0.43465749350414523,1,0,1
-0.01951087973914255,0.24862086489426255,0.5718661471735885,-0.3387784896641497,0.5679891940482543,-0.27166315666881535,0.16029927855154058,0.2146845858862334,-0.11734815360332636,0.07283705549470992,1,0,1
0.2568932498987112,-2.430653114948821,-0.8630747387232391,-0.3387784896641497,1.139170282413845,0.5225369574102662,0.23396786645230436,2.3099373533473373,0.4081836196465547,1.6541263771655756,0,1,1
-0.5723191390148501,1.7892034033040356,0.21313092569938163,0.04011850535496514,-2.901935917772709,-1.0738052718886877,-0.8797278447533581,-1.1496660533907643,-1.0492911648331158,-0.9322197167537217,1,0,0
0.533297379536565,-0.08628838258612288,-0.8630747387232391,0.04011850535496514,-0.2887824385001315,-0.541691195455703,-0.5525526455470253,-0.8085783935715148,-0.5728090237532234,-0.8250136610472224,1,0,0
-0.5723191390148501,0.7174938113668021,0.5718661471735885,0.22956700286452258,-1.138414307443948,-0.9546752547768255,-0.8667275057120468,-0.8816686063899254,-0.9511919004931378,-0.878616688900472,1,0,0
-0.5723191390148501,1.0524030588471875,1.6480718115962094,-0.023030993814887317,-1.3526072155810445,-0.7958352319610091,-0.8797278447533581,-0.906032010662729,-0.85309263615316,-0.878616688900472,1,0,0
1.0861056388122725,-0.42119763006650834,0.21313092569938163,-0.3387784896641497,0.7821821021853508,0.7290289870708275,0.188466679807715,0.8481330969791252,0.5062828839865327,0.8366802024035178,0,1,1
-0.29591500937699633,1.387312306327573,0.5718661471735885,-0.3387784896641497,0.46803250358427556,0.3795809368760315,-0.33154688184473435,-0.004586052568998252,0.18395672972660546,0.04603554156808505,0,1,1
-1.4015315279284115,1.6552397043118814,4.876688804864072,-0.023030993814887317,-2.287916247779699,-0.883197244509708,-0.8775611215798063,-1.0522124362995502,-0.9231635392531442,-0.9054182028270968,0,1,0
0.533297379536565,-1.1579979745233562,0.9306013686477955,-0.3387784896641497,0.8964183198584685,0.32398692889049585,-0.04337269976233538,1.603398629436035,0.14892127817661338,1.0778938277431414,0,1,1
1.0861056388122725,-0.4881794795625854,-0.14560429577482528,-0.3387784896641497,0.7964616293944897,0.4987109539878937,-0.11054111814244345,0.7994062884335182,0.2960701746865802,0.6758711188437689,0,1,1
-1.1251273982905576,1.8561852528001126,-0.14560429577482528,-0.3387784896641497,-0.7957056544245937,-0.5893432023004479,-0.730223945778279,-0.8573052021171219,-0.6639011977832029,-0.8518151749738472,0,1,0
-1.1251273982905576,0.5165482628785709,-0.14560429577482528,-0.3387784896641497,0.1396033777740614,-0.06517112700825403,-0.26654518663817817,-0.5649443508434796,-0.17340487608331373,-0.5301970078543491,0,1,0
2.744530416639395,-2.564616813940975,-2.2980156246200667,-0.3387784896641497,1.289105318109812,1.2452590612222305,0.6066442523032265,2.67538841743939,0.968750844446428,2.2839619544412595,0,1,1
0.533297379536565,-1.1579979745233562,0.5718661471735885,-0.3387784896641497,0.8964183198584685,0.2683929209049602,-0.5265519674644028,1.5059450123448208,0.07885037507662922,0.9572870150733297,0,1,1
-1.4015315279284115,0.8514575103589563,1.2893365901220024,0.41901550037408,-1.5882194145318502,-0.9705592570584071,-0.8688942288855986,-0.954758819208336,-0.9652060811131347,-0.8920174458637845,1,0,0
-1.1251273982905576,-0.7561068775468938,0.5718661471735885,0.4821649995439325,-0.4672765286143786,-0.5496331965964938,-0.8883947374475656,-0.7842149892987114,-0.649887017163206,-0.8250136610472224,0,1,0
-1.954339787204119,1.0524030588471875,-0.14560429577482528,2.0609024787902444,-2.523528446730505,-1.065863270747897,-0.8862280142740137,-1.125302649117961,-1.0422840745231174,-0.9322197167537217,1,0,0
0.8097015091744189,-1.8947983189802042,0.5718661471735885,-0.3387784896641497,1.0177943011361568,0.7131449847892459,1.0594893955755675,2.2124837362561234,0.8986799413464438,1.9623437873217615,0,1,1
-0.5723191390148501,0.7174938113668021,-0.8630747387232391,2.1872014771299493,-1.5882194145318502,-0.9467332536360347,-0.8797278447533581,-1.0034856277539432,-0.9581989908031363,-0.9054182028270968,0,1,0
1.0861056388122725,-0.4881794795625854,-0.8630747387232391,-0.14932999215459228,0.31809746788830845,0.07778489352598057,0.9554866832450778,-0.24822009529703357,0.38015525840656117,-0.08797202806503916,1,0,1
-1.6779356575662652,-0.890070576539048,-3.3742212890426875,0.9242114937328998,-1.1883926526759372,-0.21606914868327956,-0.43988304052232796,-1.0034856277539432,-0.32756086290327885,-0.878616688900472,0,1,0
0.2568932498987112,-1.693852770491973,0.21313092569938163,-0.3387784896641497,1.0177943011361568,3.707279414867383,2.574028893888326,2.0419399063464985,3.3231331886058957,3.128209643129942,0,1,1
-0.5723191390148501,1.1863667578393418,1.2893365901220024,-0.08618049298473977,-1.2312312343033562,-0.7481832251162642,-0.6803893127865858,-0.8816686063899254,-0.7479862815031838,-0.8652159319371596,1,0,0
0.2568932498987112,-0.5551613290586624,-0.8630747387232391,-0.3387784896641497,0.7322037569533614,-0.37490917149909586,-0.38788168435708303,0.40959182006866185,-0.397631766003263,0.032634784604772676,1,0,1
-0.8487232686527039,-0.35421578057043124,0.9306013686477955,-0.3387784896641497,-0.874243054074862,-0.8911392456504988,-0.8840612911004617,-0.8329417978443184,-0.9231635392531442,-0.8652159319371596,1,0,0
0.2568932498987112,-0.8230887270429709,-0.5043395172490321,-0.3387784896641497,0.7679025749762108,0.65755097680371,0.9619868527657333,0.6044990542510901,0.8216019479364615,0.7964779315135807,1,0,1
-1.6779356575662652,1.1863667578393418,0.21313092569938163,0.7979124953931949,-2.1808197937111506,-0.930849251354453,-0.8818945679269099,-1.0765758405723538,-0.9511919004931378,-0.9188189597904093,1,0,0
-0.29591500937699633,0.3825845638864167,-0.5043395172490321,-0.3387784896641497,0.5322903760254049,-0.200185146401698,-0.11487456448954711,-0.028949456841801915,-0.16639778577331535,-0.1281742989549764,1,0,1
0.8097015091744189,-1.3589435230115876,-0.14560429577482528,-0.14932999215459228,0.4823120307934155,0.06984289238518979,-0.07154010101850966,-0.10203966966021247,0.008779471976645055,-0.08797202806503916,0,1,1
0.8097015091744189,-0.4881794795625854,-0.5043395172490321,-0.3387784896641497,0.7821821021853508,0.31604492774970516,0.4029722739893503,0.6532258627966971,0.37314816809656265,0.6222680909905192,1,0,1
-0.29591500937699633,0.31560271439033966,0.5718661471735885,-0.27562899049429723,0.08248526893750152,-0.6052272045820295,-0.19287659873741453,-0.5649443508434796,-0.4817168497232441,-0.6240023065975361,1,0,0
-0.8487232686527039,-0.890070576539048,1.2893365901220024,-0.3387784896641497,0.7607628113716404,-0.24783715324644284,-0.3250467123240788,1.067403735434357,-0.29252541135328675,0.44805825046745784,0,1,1
-0.01951087973914255,-0.7561068775468938,-0.8630747387232391,-0.3387784896641497,0.7679025749762108,0.10955289808914385,0.03896278083263585,0.5314088414326795,0.08585746538662774,0.38105446565089574,0,1,1
-0.01951087973914255,-1.0240342755312022,-0.8630747387232391,-0.14932999215459228,0.1396033777740614,0.30016092546812334,0.7799821061873762,-0.6136711593890866,0.5062828839865327,-0.40959019518453726,1,0,0
1.0861056388122725,-1.2249798240194334,-0.8630747387232391,-0.3387784896641497,0.8678592654401885,-0.1604751406977439,-0.628387956621341,0.872496501251929,-0.2855183210432884,0.35425295172427074,0,1,1
1.3625097684501264,-1.693852770491973,-0.8630747387232391,-0.3387784896641497,1.0392135919498662,0.9990570258577152,0.08663069065077696,1.7008522465272489,0.7375168642164804,1.5335195644957635,0,1,1
-0.01951087973914255,0.31560271439033966,-0.5043395172490321,2.502948972979212,-0.9527804537251314,-0.8117192342425907,-0.8710609520591507,-0.906032010662729,-0.8671068167731569,-0.878616688900472,0,1,0
0.2568932498987112,1.320330456831496,2.0068070330704164,-0.3387784896641497,0.4965915580025555,2.5715732517342964,3.2890475411604436,-0.07767626538740881,2.99379994403597,0.8366802024035178,1,0,1
-1.4015315279284115,0.24862086489426255,2.365542254544623,-0.08618049298473977,-0.695748963960615,-0.327257164654351,0.4961413704520808,-0.7111247764803008,-0.08231270205333428,-0.6508038205241607,1,0,0
0.8097015091744189,-1.6268709209958958,-0.14560429577482528,-0.3387784896641497,1.0106545375315863,2.913079300788301,2.1515178750457107,1.8226692678912664,2.68548797039604,2.6725839063773194,0,1,1
1.3625097684501264,-1.76083461998805,-0.8630747387232391,0.04011850535496514,0.5894084848619637,0.26045091976416923,-0.2535448475968669,0.019777351703805193,0.08585746538662774,0.032634784604772676,0,1,1
-0.5723191390148501,1.7222215538079584,-0.5043395172490321,-0.3387784896641497,0.3252372314928779,-0.6369952091451928,-0.4832175039933654,-0.41876392520665834,-0.5938302946832187,-0.5703992787442863,0,1,1
-0.29591500937699633,-0.4881794795625854,-1.580545181671653,-0.3387784896641497,0.7036447025350815,0.14926290379309795,0.20580046519612993,0.16595777734062653,0.18395672972660546,0.1800431112012094,1,0,1
-0.5723191390148501,1.0524030588471875,-0.5043395172490321,-0.3387784896641497,0.2181407774243297,-0.6608212125675652,-0.3640477294480124,-0.5162175422978724,-0.5728090237532234,-0.6374030635608484,1,0,1
-1.954339787204119,1.0524030588471875,-0.5043395172490321,0.5453144987137849,-2.3521741202208277,-1.010269262762361,-0.8862280142740137,-1.1009392448451572,-0.9932344423531284,-0.9188189597904093,1,0,0
-0.8487232686527039,0.7174938113668021,0.5718661471735885,-0.27562899049429723,-0.6814694367514751,-1.010269262762361,-0.7085567140427602,-0.8085783935715148,-0.9581989908031363,-0.8652159319371596,1,0,0
-0.8487232686527039,0.8514575103589563,0.21313092569938163,-0.3387784896641497,0.20386125021518972,-0.8911392456504988,-0.5287186906379547,-0.46749073375226546,-0.8040430039831712,-0.7044068483774105,1,0,1
0.8097015091744189,0.3825845638864167,0.21313092569938163,-0.3387784896641497,0.5251506124208344,-0.36696717035830506,-0.6803893127865858,0.04414075597660885,-0.46770266910324715,-0.2219795976981634,0,1,1
0.2568932498987112,0.5165482628785709,0.5718661471735885,-0.3387784896641497,0.5322903760254049,0.30810292660891425,0.5004748167991846,0.11723096879501942,0.4081836196465547,0.2470468960177715,1,0,1
-1.1251273982905576,0.8514575103589563,0.21313092569938163,-0.3387784896641497,0.30381794067916845,-0.8117192342425907,-0.5222185211172992,-0.3456737123882478,-0.7409791911931854,-0.5972007926709112,0,1,1
0.2568932498987112,0.9184393598550334,-0.5043395172490321,-0.3387784896641497,0.22528054102889916,-0.5178651920333306,-0.643555018836204,-0.5162175422978724,-0.5938302946832187,-0.6374030635608484,1,0,0
-0.01951087973914255,0.7174938113668021,-0.14560429577482528,-0.3387784896641497,0.6179675392802427,0.959347020153761,1.7030061781204735,0.2146845858862334,1.2910769987063553,0.6624703618804565,1,0,1
-0.01951087973914255,0.3825845638864167,-0.5043395172490321,0.5453144987137849,-0.8099851816337338,-0.5496331965964938,-0.8493937203236319,-0.8816686063899254,-0.6428799268532076,-0.8518151749738472,1,0,0
0.2568932498987112,-0.22025208157827705,0.21313092569938163,0.16641750369467012,-0.2673631476864221,-0.6052272045820295,-0.8688942288855986,-0.7598515850259078,-0.6919295590231965,-0.8250136610472224,0,1,0
0.533297379536565,-1.2249798240194334,-1.221809960197446,-0.3387784896641497,1.0392135919498662,0.8402170030418988,0.322803516567931,1.5790352251632311,0.6744530514264946,1.4129127518259519,0,1,1
-0.8487232686527039,0.5165482628785709,-0.5043395172490321,-0.3387784896641497,0.3466565223065874,-0.4146191772030499,-0.3098796501092156,-0.3700371166610512,-0.38361758538326624,-0.44979246607447454,1,0,1
1.6389138980879803,-0.6891250280508167,-0.5043395172490321,-0.3387784896641497,0.02536716010094267,-0.8117192342425907,-0.8212263190674575,-0.6623979679346936,-0.85309263615316,-0.8250136610472224,0,1,0
-0.5723191390148501,0.7174938113668021,-0.5043395172490321,-0.3387784896641497,0.08962503254207202,-0.6449372102859836,-0.6890562054807933,-0.6380345636618902,-0.6989366493331949,-0.7714106331939726,0,1,0
-0.29591500937699633,0.650511961870725,-0.5043395172490321,-0.3387784896641497,0.4466132127705661,-0.5019811897517489,-0.5027180125553323,-0.22385669102423014,-0.5237593915832346,-0.40959019518453726,0,1,1
0.533297379536565,0.04767531640603129,-0.8630747387232391,1.4925569862615717,-0.5886525098920667,-0.5893432023004479,-0.8363933812823205,-0.8573052021171219,-0.6779153784031996,-0.8518151749738472,0,1,0
1.0861056388122725,-0.6221431785547396,0.21313092569938163,-0.3387784896641497,0.8250206838127697,1.8250251444999601,2.4505256729958695,1.384127990980803,2.166963287456157,2.0561490860649485,1,0,1
0.533297379536565,1.2533486073354188,-0.14560429577482528,-0.3387784896641497,0.27525888626088857,-0.39079317378067757,-0.24271123172910755,-0.41876392520665834,-0.3415750435232757,-0.47659398000109937,1,0,0
0.533297379536565,0.18163901539818547,-0.8630747387232391,-0.3387784896641497,0.6322470664893827,-0.27960515780960615,-0.40521546974549805,0.11723096879501942,-0.35558922414327254,-0.11477354199166404,1,0,1
-0.8487232686527039,1.1863667578393418,-0.5043395172490321,0.9242114937328998,-2.088002866851742,-0.9864432593399888,-0.8840612911004617,-1.0765758405723538,-0.9792202617331316,-0.9188189597904093,0,1,0
-1.4015315279284115,1.4542941558236502,2.0068070330704164,0.41901550037408,-1.9951859399923337,-0.629053208004402,-0.6803893127865858,-1.0278490320267466,-0.6919295590231965,-0.9054182028270968,1,0,0
0.533297379536565,-0.6221431785547396,0.9306013686477955,-0.3387784896641497,0.7893218657899203,0.5543049619734296,0.6911464560717493,1.0917671397071604,0.6464246901865011,1.0778938277431414,1,0,1
-0.01951087973914255,-0.5551613290586624,-1.580545181671653,-0.023030993814887317,-0.3030619657092715,-0.5337491943149122,-0.39004840753063497,-0.8573052021171219,-0.48872394003324243,-0.8384144180105347,1,0,0
-1.4015315279284115,-0.28723393107435413,0.5718661471735885,-0.3387784896641497,0.7821821021853508,0.5304789585510571,-0.22971089268779643,0.9699501183431428,0.3240985359265738,0.7964779315135807,0,1,1
-0.5723191390148501,-0.6891250280508167,-0.14560429577482528,0.9242114937328998,-0.4030186561732503,-0.25577915438723364,-0.8797278447533581,-0.8085783935715148,-0.397631766003263,-0.8116129040839098,0,1,0
2.191722157363688,-1.8947983189802042,-0.5043395172490321,-0.3387784896641497,1.096331700786425,-0.3034311612319785,-0.5850534931503034,2.2124837362561234,-0.4186530369332583,0.8768824732934553,0,1,1
-0.5723191390148501,-0.28723393107435413,-1.221809960197446,2.2503509762998015,-0.8456839996565831,-0.843487238805754,-0.8667275057120468,-0.906032010662729,-0.8881280877031521,-0.878616688900472,0,1,0
-1.1251273982905576,-0.28723393107435413,0.9306013686477955,1.0505104920726047,-1.0170383261662597,-0.9070232479320806,-0.8645607825384949,-0.8573052021171219,-0.9301706295631426,-0.8652159319371596,0,1,0
-0.29591500937699633,-0.8230887270429709,1.2893365901220024,0.04011850535496514,-0.010331657921906741,-0.3193151635135602,-0.15170885843992898,-0.5649443508434796,-0.2574899598032947,-0.556998521780974,1,0,0
1.0861056388122725,-1.2919616735155104,0.21313092569938163,-0.3387784896641497,0.9463966650904578,2.5000952414671795,1.9348455576905237,1.652125437981642,2.3561547258261144,2.3509657392578216,0,1,1
0.8097015091744189,0.5165482628785709,0.5718661471735885,0.16641750369467012,-0.37445960175497034,0.8402170030418988,2.8600363527971733,-0.7354881807531042,1.459247166146317,-0.3693879242946,1,0,0
-0.8487232686527039,1.7222215538079584,-0.8630747387232391,-0.3387784896641497,-0.4958355830326585,-0.9546752547768255,-0.6890562054807933,-0.8573052021171219,-0.902142268323149,-0.8652159319371596,1,0,0
-0.5723191390148501,-0.22025208157827705,1.2893365901220024,-0.3387784896641497,0.7964616293944897,1.0467090327024602,2.5956961256238444,1.237947565343982,1.592381882036287,1.6675271341288878,0,1,1
-1.1251273982905576,1.1193849083432648,-1.221809960197446,-0.3387784896641497,-0.33876078373212093,-0.40667717606225917,-0.04553942293588729,-0.8329417978443184,-0.27851123073329,-0.8116129040839098,1,0,0
-0.8487232686527039,1.6552397043118814,-0.14560429577482528,-0.08618049298473977,-2.1808197937111506,-0.8276032365241724,-0.8753943984062543,-1.1009392448451572,-0.8741139070831553,-0.9188189597904093,0,1,0
0.8097015091744189,0.24862086489426255,-0.14560429577482528,-0.27562899049429723,0.33951675870201786,1.4358670886012104,1.0486557797078082,-0.3456737123882478,1.3261124502563473,0.09963856942133478,0,1,1
0.533297379536565,-1.3589435230115876,0.5718661471735885,-0.27562899049429723,0.7393435205579308,0.7131449847892459,0.08879741382432886,3.479380758441907,0.48526161305653737,0.7562756606236434,0,1,1
1.6389138980879803,-1.8278164694841272,-0.14560429577482528,-0.3387784896641497,1.1320305188092743,0.6654929779445009,-0.12354145718375456,2.67538841743939,0.4432190711965468,1.868538488578574,0,1,1
-0.01951087973914255,0.8514575103589563,-0.5043395172490321,-0.3387784896641497,0.6036880120711037,-0.1287071361345806,-0.201543491431622,0.11723096879501942,-0.16639778577331535,-0.020968243248477056,1,0,1
1.3625097684501264,-0.6221431785547396,-0.5043395172490321,-0.3387784896641497,0.8250206838127697,2.102995184427639,1.7138397939882328,0.7994062884335182,2.026821481256189,1.4933172936058268,0,1,1
-0.29591500937699633,0.583530112374648,0.5718661471735885,-0.14932999215459228,-0.5957922734966373,-0.9070232479320806,-0.3965485770512905,-0.7842149892987114,-0.8040430039831712,-0.8518151749738472,1,0,0
1.0861056388122725,-0.08628838258612288,0.9306013686477955,-0.14932999215459228,0.16102266858777084,-0.23195315096486127,0.9099854966004886,-0.46749073375226546,0.07184328476663095,-0.3693879242946,1,0,1
1.0861056388122725,-0.8230887270429709,0.21313092569938163,-0.3387784896641497,0.8535797382310496,1.4358670886012104,0.4896412009314252,1.1648573525255712,1.1229068312663935,1.3861112378993272,0,1,1
-0.01951087973914255,0.9184393598550334,1.6480718115962094,0.1032680045248176,-1.0598769077936792,-0.9546752547768255,-0.8493937203236319,-0.8329417978443184,-0.9511919004931378,-0.8652159319371596,1,0,0
0.533297379536565,-0.28723393107435413,0.9306013686477955,-0.3387784896641497,0.7179242297442214,-0.08105512928983574,-0.25137812442331514,0.7994062884335182,-0.17340487608331373,0.39445522261420807,0,1,1
-1.954339787204119,1.7222215538079584,-0.8630747387232391,-0.2124794913244447,-1.7881327954598072,-0.5337491943149122,-0.20804366095227772,-1.0522124362995502,-0.4256601272432567,-0.8920174458637845,1,0,0
-0.29591500937699633,0.650511961870725,-0.5043395172490321,-0.2124794913244447,-1.2669300523262055,-0.8593712410873355,-0.8753943984062543,-0.954758819208336,-0.902142268323149,-0.8920174458637845,0,1,0
0.533297379536565,-0.22025208157827705,0.21313092569938163,-0.3387784896641497,0.7250639933487909,0.3875229380168224,-0.026038914373920315,0.6532258627966971,0.20497800065660074,0.5284627922473323,0,1,1
0.533297379536565,-1.3589435230115876,-0.14560429577482528,0.7347629962233423,0.12532385056492143,-0.20812714754248876,-0.8645607825384949,-0.6136711593890866,-0.35558922414327254,-0.6374030635608484,0,1,0
-0.29591500937699633,0.18163901539818547,0.9306013686477955,-0.3387784896641497,0.4537529763751356,-0.16841714183853468,0.8731512026501067,0.019777351703805193,0.1349070975566166,0.04603554156808505,1,0,1
-1.954339787204119,1.7892034033040356,-0.8630747387232391,1.239958989582162,-3.5230953513702885,-1.0579212696071059,-0.8992283533153249,-1.1496660533907643,-1.0422840745231174,-0.9322197167537217,1,0,0
-0.01951087973914255,-0.019306533090045798,0.9306013686477955,-0.27562899049429723,0.24669983184260963,-0.5099231908925398,-0.015205298506160952,-0.3456737123882478,-0.35558922414327254,-0.4229909521478497,1,0,1
-0.29591500937699633,1.0524030588471875,0.9306013686477955,-0.3387784896641497,0.5608494304436838,2.4603852357632254,3.0810421164994644,-0.004586052568998252,2.8396439572160057,0.9036839872200799,1,0,1
1.0861056388122725,-0.957052426035125,-0.8630747387232391,-0.3387784896641497,0.8821387926493285,0.6019569688181744,1.3021623910133773,0.9699501183431428,0.8986799413464438,1.1180960986330788,1,0,1
-0.01951087973914255,-0.15327023208219998,-0.5043395172490321,-0.2124794913244447,-0.06031000315389612,-0.6846472159899377,-0.6673889737452745,-0.7111247764803008,-0.7059437396431933,-0.8116129040839098,0,1,0
0.2568932498987112,0.04767531640603129,0.5718661471735885,0.35586600120422757,-0.36731983815040087,0.4987109539878937,0.17763306393995565,-0.7598515850259078,0.35913398747656583,-0.5972007926709112,0,1,0
-0.8487232686527039,-1.4259253725076646,-2.656750846094274,-0.27562899049429723,0.4251939219568567,0.8163909996195263,0.8146496769642061,-0.4918541380250689,0.8636444897964518,-0.18177732680822614,0,1,1
1.0861056388122725,-1.1579979745233562,-0.5043395172490321,-0.3387784896641497,0.06106597812379208,-0.7799512296794274,-0.8277264885881132,-0.6623979679346936,-0.8320713652231648,-0.8116129040839098,1,0,0
1.0861056388122725,0.583530112374648,-0.14560429577482528,-0.3387784896641497,0.5751289576528238,1.7694311365144242,1.488500583938838,0.09286756452221574,1.7325236882362551,0.7026726327703936,0,1,1
-0.8487232686527039,0.7844756608628792,1.2893365901220024,-0.27562899049429723,-0.15312693001330438,-0.8752552433689172,-0.35104739040670113,-0.6380345636618902,-0.7690075524331791,-0.8116129040839098,1,0,0
1.0861056388122725,1.2533486073354188,-0.14560429577482528,-0.3387784896641497,0.4109143947477167,1.5708811079946539,1.2696615434100993,-0.22385669102423014,1.5082967983163063,0.27384840994439624,0,1,1
-0.29591500937699633,1.0524030588471875,-0.5043395172490321,-0.14932999215459228,-1.502542251277012,-1.010269262762361,-0.8753943984062543,-0.9791222234811395,-0.9932344423531284,-0.9054182028270968,1,0,0
0.2568932498987112,-1.0910161250272792,-0.5043395172490321,0.35586600120422757,0.02536716010094267,-0.5178651920333306,-0.8688942288855986,-0.6867613722074972,-0.6218586559232124,-0.7714106331939726,0,1,0
-1.1251273982905576,1.1863667578393418,0.5718661471735885,1.6188559846012769,-2.0380245216197532,-0.9229072502136622,-0.8883947374475656,-1.0522124362995502,-0.9511919004931378,-0.9188189597904093,1,0,0
-0.5723191390148501,0.18163901539818547,-0.5043395172490321,-0.3387784896641497,0.011087632891802703,-0.9070232479320806,-0.7085567140427602,-0.6867613722074972,-0.8671068167731569,-0.8250136610472224,1,0,0
1.0861056388122725,-1.9617801684762812,-0.8630747387232391,-0.27562899049429723,0.903558083463038,0.8878690098866439,0.6369783767329524,1.0430403311615537,0.8145948576264629,1.1314968555963913,0,1,1
2.191722157363688,-1.4259253725076646,-1.93928040314586,-0.27562899049429723,1.0035147739270167,0.6337249733813378,0.36180453369186466,1.1648573525255712,0.5343112452265263,1.051092313816517,0,1,1
0.533297379536565,-0.890070576539048,-0.14560429577482528,-0.3387784896641497,0.8036013929990602,0.8084489984787356,2.3985243168306245,0.8237696927063217,1.3401266308763444,1.2119013973762656,0,1,1
-0.29591500937699633,0.18163901539818547,-0.5043395172490321,-0.3387784896641497,0.46803250358427556,-0.16841714183853468,0.1277984309482625,-0.17512988247862302,-0.05428434081334059,-0.18177732680822614,1,0,1
0.533297379536565,0.5165482628785709,0.21313092569938163,-0.3387784896641497,0.5751289576528238,-0.14459113841616217,-0.49405111986112477,0.16595777734062653,-0.2715041404232916,-0.03436900021178943,0,1,1
0.533297379536565,-0.42119763006650834,0.5718661471735885,-0.27562899049429723,0.4823120307934155,-0.39079317378067757,-0.4572168259107429,-0.004586052568998252,-0.43967430786325346,-0.23538035466147575,0,1,1
1.0861056388122725,-0.4881794795625854,0.9306013686477955,-0.3387784896641497,0.7964616293944897,1.4994030977275365,2.229519909293579,1.2623109696167856,1.858651313816227,1.801534703762012,1,0,1
2.191722157363688,-2.0957438674684354,-0.14560429577482528,-0.3387784896641497,1.1605895732275544,0.6257829722405469,-0.04553942293588729,2.8946590558946226,0.4081836196465547,1.9623437873217615,0,1,1
0.8097015091744189,0.3825845638864167,1.2893365901220024,-0.3387784896641497,0.7393435205579308,0.8958110110274345,1.7810082123683408,0.9943135226159467,1.2700557277763602,1.3191074530827651,1,0,1
-1.1251273982905576,1.4542941558236502,0.9306013686477955,-0.3387784896641497,0.4180541583522862,-0.08899713043062653,0.01946227227066888,-0.05331286111460536,-0.040270160193343806,-0.08797202806503916,1,0,1
0.2568932498987112,0.9184393598550334,-0.14560429577482528,-0.3387784896641497,0.6108277756756733,0.7766809939155722,1.5036676461537015,0.2146845858862334,1.0878713797164012,0.582065820100582,1,0,1
-1.1251273982905576,1.2533486073354188,-0.14560429577482528,-0.3387784896641497,0.47517226718884503,-0.1604751406977439,-0.1495421352663771,-0.10203966966021247,-0.15939069546331683,-0.16837656984491364,0,1,1
1.0861056388122725,-0.019306533090045798,0.21313092569938163,-0.3387784896641497,0.7036447025350815,0.14926290379309795,-0.30121275741500814,0.555772245705483,-0.012241798953350242,0.34085219476095835,0,1,1
-0.29591500937699633,0.8514575103589563,-0.8630747387232391,-0.27562899049429723,-0.20310527524529376,-0.5337491943149122,-0.44854993321653547,-0.7842149892987114,-0.5167523012732361,-0.8116129040839098,1,0,0
-0.29591500937699633,-0.6891250280508167,-0.5043395172490321,-0.3387784896641497,0.696504938930512,-0.6528792114267744,-0.5222185211172992,0.3608650115230547,-0.6218586559232124,-0.14157505591828878,1,0,1
1.915318027725834,-1.2919616735155104,-1.221809960197446,-0.3387784896641497,0.9820954831133073,0.14926290379309795,-0.3792147916628756,1.1892207567983748,-0.012241798953350242,0.7696764175869557,0,1,1
0.8097015091744189,-0.957052426035125,0.9306013686477955,-0.3387784896641497,0.8678592654401885,3.1433973338712353,3.726725622217922,1.8957594807096771,3.5613742591458424,3.1148088861666294,1,0,1
-1.1251273982905576,0.31560271439033966,1.2893365901220024,-0.3387784896641497,-0.1816859844315833,-0.930849251354453,-0.6955563750014488,-0.6623979679346936,-0.8811209973931537,-0.8250136610472224,0,1,0
-1.954339787204119,0.9184393598550334,0.5718661471735885,4.2079854505652285,-2.2807764841751292,-1.0579212696071059,-0.8862280142740137,-1.1009392448451572,-1.0352769842131189,-0.9188189597904093,1,0,0
1.3625097684501264,-1.4929072220037416,-0.8630747387232391,-0.3387784896641497,0.9963750103224472,0.6098989699589653,0.15379910903088503,1.4815816080720174,0.40117652933655645,1.1716991264863283,0,1,1
-0.5723191390148501,0.11465716590210838,-0.5043395172490321,-0.3387784896641497,0.10390455975121198,-0.7481832251162642,-0.7150568835634158,-0.6136711593890866,-0.7690075524331791,-0.7982121471205975,0,1,0
0.533297379536565,0.4495664133824938,-0.8630747387232391,-0.3387784896641497,0.503731321607125,-0.5099231908925398,-0.6197210639271333,-0.17512988247862302,-0.5868232043732203,-0.40959019518453726,1,0,1
-0.8487232686527039,1.7892034033040356,-0.8630747387232391,0.1032680045248176,-2.9876130810275474,-1.0261532650439429,-0.8840612911004617,-1.1496660533907643,-1.0072486229731252,-0.9322197167537217,1,0,0
1.915318027725834,-1.1579979745233562,-0.8630747387232391,0.04011850535496514,0.5180108488162649,-0.26372115552802444,-0.8233930422410094,-0.12640307393301592,-0.397631766003263,-0.3023841394780379,0,1,1
-0.8487232686527039,0.3825845638864167,1.2893365901220024,0.29271650203437505,-1.2883493431399156,-0.9626172559176163,-0.8623940593649431,-0.8816686063899254,-0.9581989908031363,-0.878616688900472,1,0,0
-0.01951087973914255,-0.890070576539048,-1.580545181671653,-0.3387784896641497,0.8178809202082002,-0.38285117263988666,-0.33154688184473435,0.5070454371598758,-0.3696034047632693,0.09963856942133478,1,0,1
-0.01951087973914255,-0.957052426035125,0.9306013686477955,-0.3387784896641497,0.9678159559041674,2.349197219792154,0.9034853270798326,2.066303310619302,1.9217151266062127,2.471572551927633,0,1,1
0.8097015091744189,-1.0910161250272792,-0.8630747387232391,-0.14932999215459228,0.4251939219568567,0.1810309083562611,0.12563170777471075,-0.29694690384264066,0.16994254910660866,-0.1951780837715385,0,1,1
-1.1251273982905576,1.1193849083432648,0.9306013686477955,-0.27562899049429723,-0.32448125652298093,0.141320902652307,0.682479563377542,-0.7111247764803008,0.35913398747656583,-0.556998521780974,1,0,0
0.8097015091744189,-0.5551613290586624,-1.580545181671653,-0.27562899049429723,0.4109143947477167,-0.4940391886109581,-0.4788840576462617,-0.3944005209338548,-0.5097452109632377,-0.5167962508910366,0,1,1
0.8097015091744189,0.04767531640603129,-0.5043395172490321,-0.14932999215459228,-0.09600882117674553,-0.7084732194123102,-0.8320599349352169,-0.7354881807531042,-0.7760146427431774,-0.8250136610472224,1,0,0
-0.29591500937699633,0.24862086489426255,-1.580545181671653,-0.3387784896641497,0.5537096668391144,-0.5019811897517489,-0.5092181820759879,-0.17512988247862302,-0.5307664818932329,-0.3827886812579125,1,0,1
-0.01951087973914255,1.2533486073354188,0.5718661471735885,-0.3387784896641497,0.47517226718884503,0.5145949562694756,-0.13220834987796218,-0.004586052568998252,0.3030772649965785,0.09963856942133478,0,1,1
-0.5723191390148501,0.9854212093511105,-0.14560429577482528,0.29271650203437505,-1.5596603601135708,-0.9943852604807796,-0.8667275057120468,-0.9791222234811395,-0.9792202617331316,-0.9054182028270968,1,0,0
-0.8487232686527039,-0.35421578057043124,-0.5043395172490321,-0.3387784896641497,0.8107411566036297,-0.16841714183853468,-0.1538755816134809,0.7506794798879112,-0.16639778577331535,0.3676537086875831,1,0,1
1.3625097684501264,-0.6891250280508167,0.9306013686477955,-0.3387784896641497,0.8107411566036297,0.10955289808914385,1.1331579834763315,1.2135841610711782,0.4432190711965468,1.0242907998898918,1,0,1
-0.5723191390148501,1.1863667578393418,-0.14560429577482528,-0.3387784896641497,0.3680758131202968,-0.5337491943149122,-0.30121275741500814,-0.29694690384264066,-0.4606955787932488,-0.4363917091111621,0,1,1
-2.230743916841973,-0.5551613290586624,0.9306013686477955,-0.27562899049429723,0.12532385056492143,-0.8196612353833815,-0.7193903299105195,-0.7354881807531042,-0.8040430039831712,-0.8384144180105347,0,1,0
0.2568932498987112,0.3825845638864167,-0.14560429577482528,-0.3387784896641497,0.5822687212573933,0.7369709882116182,0.06929690526236204,0.11723096879501942,0.513289974296531,0.28724916690770863,0,1,1
1.3625097684501264,-0.4881794795625854,-0.14560429577482528,-0.3387784896641497,0.8107411566036297,1.0864190384064143,0.4073057203364541,0.872496501251929,0.8216019479364615,1.0108900429265795,0,1,1
-0.01951087973914255,0.4495664133824938,0.21313092569938163,-0.3387784896641497,0.6108277756756733,0.06984289238518979,0.004295210055805867,0.19032118161342995,0.043814923526637135,0.13984084031127203,1,0,1
